UserName,Handle,Timestamp,Text,Comments,Likes,Retweets,Views,Engagement Score,ImageURLs
Naughty AI Girls,@Naughtyaigirl,2023-10-26T19:01:00.000Z,"Naughty AI Girls
@Naughtyaigirl
·
10mMiss Fortune (Star Guardian) - League of Legends

Enjoy!

#LeagueOfLegends #stablediffusion #midjourneyart #AIグラビア #AIArtwork #aigenerated #AIart #aigirls #AIwaifu #AICommunity #naughtyaigirls",0,0,0,15,0.00,"https://pbs.twimg.com/profile_images/1652417681482739712/ozce6tde_x96.jpg, https://pbs.twimg.com/media/F9WHaHebkAAlycJ?format=jpg&name=medium"
@babbage86,@babbage86,2023-10-26T18:58:57.000Z,"@babbage86
@babbage86
·
12m#AIArtCommuity #AIart #MidjourneyAI #midjourneyart",0,0,3,11,27.27,"https://pbs.twimg.com/profile_images/1706758861053460480/2TBXMZ-C_x96.jpg, https://pbs.twimg.com/media/F9YzZepXsAEA5Eo?format=jpg&name=medium"
Zerrakosis,@elcryptonita,2023-10-26T18:01:19.000Z,"Zerrakosis
@elcryptonita
·
1hB&W
#aiartist #midjourneyart #AIArtwork",1,0,3,41,7.32,"https://pbs.twimg.com/profile_images/1458192109064933379/vuJ1vKNH_x96.png, https://pbs.twimg.com/media/F9YmM8iWIAAxSsB?format=jpg&name=medium"
Jim,@raffel,2023-10-26T17:54:35.000Z,"Jim
@raffel
·
1h
·Decided to do something that's been on my mind the last few weeks today for my #midjourneyart project. Yesterday, I learned a lot from a friend who has a newsletter for MidJourney. Just not enough time to practice any of it today.",0,0,1,16,6.25,"https://pbs.twimg.com/profile_images/1589608418901467136/USOWuDfr_x96.jpg, https://pbs.twimg.com/media/F9YgwcrXEAAnWjH?format=jpg&name=medium"
Yo What Up Art,@yowhatup_Art,2023-10-26T17:50:43.000Z,"Yo What Up Art
@yowhatup_Art
·
1hMermaid time.  Yall having a nice  day so far?

#niji #midjourneyartwork #MidjourneyAI #midjourney #midjourneyart",2,0,10,94,10.64,"https://pbs.twimg.com/profile_images/1706664965917319169/RYqsalyu_x96.jpg, https://pbs.twimg.com/media/F9YjyF0X0AA3zcf?format=jpg&name=medium"
JesperGB Henriksen,@jesper_tweets,2023-10-26T17:41:46.000Z,"JesperGB Henriksen
@jesper_tweets
·
1hReplying to 
@The_DailyAi
 and 
@CadizFFM",0,0,3,44,6.82,"https://pbs.twimg.com/profile_images/1700218758227197952/EnN8ba3j_x96.jpg, https://pbs.twimg.com/media/F9Yhum6XIAAjVF4?format=jpg&name=medium"
AIR_Design,@AIRDesignPort,2023-10-26T17:19:57.000Z,"AIR_Design
@AIRDesignPort
·
1hBeautiful Woman 

#midjourneyV52 #midjourney #digitalart #AIart #AIArtCommuity #midjourneyart #AIartists",0,0,3,19,15.79,"https://pbs.twimg.com/profile_images/1572836923252658176/CqXLzaMe_x96.jpg, https://pbs.twimg.com/media/F9YcvQjWsAE2RWl?format=jpg&name=medium"
CRANK • AIArt • NFT,@crankkk7,2023-10-26T16:35:30.000Z,"CRANK • AIArt • NFT
@crankkk7
·
2hJon Snow 
.
#aiart #ai #digitalart #GameOfThrones #jonsnow #kitharrington #midjourney #midjourneyart #nijijourney #conceptart #fanart #crankai",0,0,4,62,6.45,"https://pbs.twimg.com/profile_images/1717221278695018497/NA90K8XI_x96.jpg, https://abs-0.twimg.com/emoji/v2/svg/1f43a.svg, https://pbs.twimg.com/media/F9YSa5CbkAAqcu4?format=jpg&name=small, https://pbs.twimg.com/media/F9YScxsaQAA5tf1?format=jpg&name=small, https://pbs.twimg.com/media/F9YSefBbkAA2Exc?format=jpg&name=small, https://pbs.twimg.com/media/F9YSgu8aQAAPBOj?format=jpg&name=small"
FBD,@FBD_Agency,2023-10-26T16:34:57.000Z,"FBD
@FBD_Agency
·
2hPerson is standing outside an empty viewing tunnel, in the style of surreal seascapes, multi-layered color fields, video collages, future tech, lively seascapes, media-savvy, color photography pioneer. #midjourneyart #AIart #landscape #landscapes #landscapepainting",0,1,3,20,20.00,"https://pbs.twimg.com/profile_images/1694772262078140417/vqPMMSNK_x96.jpg, https://pbs.twimg.com/media/F9YSX4ha0AAxCiL?format=jpg&name=medium"
FBD,@FBD_Agency,2023-10-26T16:34:34.000Z,"FBD
@FBD_Agency
·
2hPerson is standing outside an empty viewing tunnel, in the style of surreal seascapes, multi-layered color fields, video collages, future tech, lively seascapes, media-savvy, color photography pioneer. #midjourneyart #AIart #landscape #landscapes #landscapepainting",0,1,1,13,15.38,"https://pbs.twimg.com/profile_images/1694772262078140417/vqPMMSNK_x96.jpg, https://pbs.twimg.com/media/F9YSNxybMAATV09?format=jpg&name=medium"
FBD,@FBD_Agency,2023-10-26T16:33:49.000Z,"FBD
@FBD_Agency
·
2hPerson is standing outside an empty viewing tunnel, in the style of surreal seascapes, multi-layered color fields, video collages, future tech, lively seascapes, media-savvy, color photography pioneer. #midjourneyart #AIart #landscape",0,1,2,10,30.00,"https://pbs.twimg.com/profile_images/1694772262078140417/vqPMMSNK_x96.jpg, https://pbs.twimg.com/media/F9YSH_5a4AAEJSQ?format=jpg&name=medium"
FBD,@FBD_Agency,2023-10-26T16:33:27.000Z,"FBD
@FBD_Agency
·
2hPerson is standing outside an empty viewing tunnel, in the style of surreal seascapes, multi-layered color fields, video collages, future tech, lively seascapes, media-savvy, color photography pioneer. #midjourneyart #AIart #landscape",0,1,2,11,27.27,"https://pbs.twimg.com/profile_images/1694772262078140417/vqPMMSNK_x96.jpg, https://pbs.twimg.com/media/F9YSCcabMAAdCgw?format=jpg&name=medium"
FBD,@FBD_Agency,2023-10-26T16:33:04.000Z,"FBD
@FBD_Agency
·
2hPerson is standing outside an empty viewing tunnel, in the style of surreal seascapes, multi-layered color fields, video collages, future tech, lively seascapes, media-savvy, color photography pioneer. #midjourneyart #AIart #landscape",0,1,1,9,22.22,"https://pbs.twimg.com/profile_images/1694772262078140417/vqPMMSNK_x96.jpg, https://pbs.twimg.com/media/F9YR8ZHaMAAcb7Q?format=jpg&name=medium"
ᴹᴬᴺᴬ.ⁱ,@Mana_AiArtWorks,2023-10-26T16:14:29.000Z,"ᴹᴬᴺᴬ.ⁱ
@Mana_AiArtWorks
·
2hDiskopotiron #midjourneyart #sanctuaryofmana",0,1,5,29,20.69,"https://pbs.twimg.com/profile_images/1596510584970903555/6hkPqiNN_x96.jpg, https://abs-0.twimg.com/emoji/v2/svg/1f578.svg, https://abs-0.twimg.com/emoji/v2/svg/1f578.svg, https://pbs.twimg.com/media/F9YNukaXwAEkXrJ?format=png&name=small"
AI + Art,@DesynArt,2023-10-26T16:08:44.000Z,"AI + Art
@DesynArt
·
3h""Misty Citadel""
Midjourney 5.1 | Pika Labs beta
https://deviantart.com/phantastes/art/Misty-Citadel-Animated-988088676…

#animation #generativeart #ai_animation #midjourney #terranómada #midjourneyart  #PIKALABS #ai_film #deviantart",0,0,0,7,0.00,"https://pbs.twimg.com/profile_images/1563181701601595392/hogQkCv5_x96.jpg, https://pbs.twimg.com/ext_tw_video_thumb/1717573493443989504/pu/img/itCu7gWe2od7tTtb.jpg"
ArtKey,@ArtKeycool,2023-10-26T16:06:35.000Z,"ArtKey
@ArtKeycool
·
3hThe adorable panda is saying hello to everyone in the bamboo forest! How do you all like this cute set of illustrations?Don't miss it！【http://artkey.cool】
#ENGvSL #GTAVI #ItsTheGuns #MissInternational2023 #ofmds2spoilers #midjourneyart #ai #AIart #ArtKey",0,0,0,59,0.00,"https://pbs.twimg.com/profile_images/1679377485518241795/RF6sAgtf_x96.jpg, https://abs-0.twimg.com/emoji/v2/svg/27a1.svg, https://pbs.twimg.com/media/F9YL8EKXIAAhZVC?format=jpg&name=small, https://pbs.twimg.com/media/F9YL8ENXwAAlxU9?format=jpg&name=small, https://pbs.twimg.com/media/F9YL8EMXkAEGwEt?format=jpg&name=small, https://pbs.twimg.com/media/F9YL8ENWYAAv-cz?format=jpg&name=small"
Dave Clark,@Diesol,2023-10-26T15:59:10.000Z,"Dave Clark
@Diesol
·
3hDeadpool’s Trail Cam Show! 100% AI-Generated.
.
.
.

#Midjourney #runwaygen2 #PikaLabs #shorts #shortfilm #ai #midjourneyart #artificialintelligence #aiart #aiartcommunity #stablediffusion #aifilmcompetition #scifi #filmmaking #cinematography #contentcreation #aitools #movie…
Show more",2,2,8,216,4.63,https://pbs.twimg.com/profile_images/476430677479407616/vHU8Hbgq_x96.jpeg
織田信長,@oda_nobunaga175,2023-10-26T15:54:17.000Z,"織田信長
@oda_nobunaga175
·
3h#midjourney #AIArt #midjourneyArt #nijijourneyV5 #AIダーク部 #AI魑魅魍魎部",0,2,22,127,18.90,"https://pbs.twimg.com/profile_images/898499095358185472/LSMeKfes_x96.jpg, https://pbs.twimg.com/media/F9YJFbNbEAA9db6?format=jpg&name=large"
SeanLee,@SeanLi0726,2023-10-26T15:53:49.000Z,"SeanLee
@SeanLi0726
·
3hDo you like elegant Chinese classical beauties?
#AIArtworks #AIgirl #chinesegirl #古装 #digitalart #installation #midjouney #midjourneyartwork #midjourneyart",0,0,2,133,1.50,"https://pbs.twimg.com/profile_images/1569228207811084288/hz_H5ES0_x96.jpg, https://abs-0.twimg.com/emoji/v2/svg/2764.svg, https://pbs.twimg.com/ext_tw_video_thumb/1717569961777070080/pu/img/70joKBKCbJ0vwDwX.jpg"
EinBard,@EinBard,2023-10-26T15:20:22.000Z,"EinBard
@EinBard
·
3h#midjourneyart #AIArtwork #AIart #AIArtGallery #AIArtCommunity #AIartists #NFTCommunity",1,0,3,14,21.43,"https://pbs.twimg.com/profile_images/1702386976509329408/qYSlH_AS_x96.jpg, https://pbs.twimg.com/media/F9YBWUGXkAA87P-?format=jpg&name=medium"
Kathleen (Kat) Anne McCarthy,@McC3Kat,2023-10-26T15:16:58.000Z,"Kathleen (Kat) Anne McCarthy
@McC3Kat
·
3hA little ride on the beach anyone?

#AIartworks #AIArtSociety #midjourneyart",7,7,37,365,12.05,"https://pbs.twimg.com/profile_images/1633759484253286400/YPDjw-SR_x96.jpg, https://pbs.twimg.com/media/F9YAcXlXIAAGj5c?format=jpg&name=medium"
@babbage86,@babbage86,2023-10-26T15:11:00.000Z,"@babbage86
@babbage86
·
4hPrompt in ALT

#AIArtistCommunity #AIArtwork #midjourneyart #midjourneyartwork",4,1,18,148,12.84,"https://pbs.twimg.com/profile_images/1706758861053460480/2TBXMZ-C_x96.jpg, https://pbs.twimg.com/media/F9X_OTcXMAEocRU?format=jpg&name=medium"
Howard Milano,@HowardMilano,2023-10-26T15:02:14.000Z,"Howard Milano
@HowardMilano
·
4hGen-213 #aiart #aiartcommunity #artwork #aigenerated #aigeneratedart #neuralart #digitalart #aiartist #aiartdaily #synthography #midjourney #midjourneyart #generativeart #aicommunity #aiartaddict #aidream",0,1,4,58,8.62,"https://pbs.twimg.com/profile_images/378800000071796579/6227102dc1a8e56b6e7308cdcc9b5eb1_x96.jpeg, https://pbs.twimg.com/media/F9X8581aEAAF5A3?format=jpg&name=medium"
INTRO,@RjNK9,2023-10-26T15:02:12.000Z,"INTRO
@RjNK9
·
4hأمراه  من حقبة الفراعنة 

#مصر 
 #midjourneyart",0,0,1,19,5.26,"https://pbs.twimg.com/profile_images/1717213556754558976/kqoLMGAR_x96.jpg, https://abs-0.twimg.com/emoji/v2/svg/1f1ea-1f1f8.svg, https://pbs.twimg.com/media/F9X9NPGXkAAEmnv?format=jpg&name=small, https://pbs.twimg.com/media/F9X9NPFXUAEov5Z?format=jpg&name=small, https://pbs.twimg.com/media/F9X9NPGX0AAF5O0?format=jpg&name=small"
Black Canvas NFT,@nft_blackcanvas,2023-10-26T15:00:35.000Z,"Black Canvas NFT
@nft_blackcanvas
·
4h BlackCanvas Ai Art 
#AIart #digitalart #illustrationAI #aiartcommunity #NFTcommunity #midjourneyart #Midjourney #midjourneyartwork",1,2,15,440,3.86,"https://pbs.twimg.com/profile_images/1680332523178426368/yWLneOln_x96.jpg, https://abs-0.twimg.com/emoji/v2/svg/1f533.svg, https://abs-0.twimg.com/emoji/v2/svg/1f533.svg, https://pbs.twimg.com/media/F9X81meXIAAnfxO?format=jpg&name=medium"
@babbage86,@babbage86,2023-10-26T14:33:26.000Z,"@babbage86
@babbage86
·
4hTransitioning from burnt paper to burnt wood….

#AIArtistCommunity #AIArtwork #midjourneyart #midjourneyartwork",1,2,12,70,20.00,"https://pbs.twimg.com/profile_images/1706758861053460480/2TBXMZ-C_x96.jpg, https://pbs.twimg.com/media/F9X2oEUWEAAmGO2?format=jpg&name=medium"
Black Canvas NFT,@nft_blackcanvas,2023-10-26T14:24:34.000Z,"Black Canvas NFT
@nft_blackcanvas
·
4h BlackCanvas Ai Art 
Beautiful monster 
#AIart #digitalart #aiartcommunity #NFTcommunity #opensea #creative #midjourneyartwork #midjourneyart #Midjourney",2,3,8,718,1.53,"https://pbs.twimg.com/profile_images/1680332523178426368/yWLneOln_x96.jpg, https://abs-0.twimg.com/emoji/v2/svg/25fc.svg, https://abs-0.twimg.com/emoji/v2/svg/25fc.svg, https://abs-0.twimg.com/emoji/v2/svg/1f5a4.svg, https://pbs.twimg.com/media/F9X0mJtWYAATSwb?format=jpg&name=900x900"
マンハイム_MD出力bot,@MdManheim,2023-10-26T14:23:22.000Z,"マンハイム_MD出力bot
@MdManheim
·
4h掲載日時：2023/10/26　23:23
登録日：2023/6/24
アンドロイド名：パンクスタイルアンドロイド14番
#midjourney #midjourneyart #aiart #android #アンドロイド #ロボ娘 https://mtbrs.net/ps_vonmanheim01ai_punk_androidsk14k_jpg…",0,1,4,40,12.50,"https://pbs.twimg.com/profile_images/1658122924639780865/hf5OfF_a_x96.jpg, https://pbs.twimg.com/media/F9X0Uu0WUAAKLyQ?format=jpg&name=medium"
DariuX | XBorg,@SolR37,2023-10-26T14:22:43.000Z,"DariuX | XBorg
@SolR37
·
4hI'm not human but I feel you
.
.
@midjourney
 #midjourneyart #human #androidgirl #future",1,0,1,31,3.23,"https://pbs.twimg.com/profile_images/1708525386915549184/b-OuRuWa_x96.jpg, https://pbs.twimg.com/media/F9XzjfkXUAArfBQ?format=jpg&name=medium"
Journey Man,@GraphicGoGetter,2023-10-26T14:02:44.000Z,"Journey Man
@GraphicGoGetter
·
5hMaster AI Art with Journey Man AI!

https://patreon.com/JourneyManAI?utm_medium=social&utm_source=twitter&utm_campaign=creatorshare_creator&utm_content=join_link… 

#midjouney #midjourneyV52 #midjourneyartwork #MidjourneyAI #midjourneyart #AIArtCommuity #AIArtwork #aiartist",0,0,0,11,0.00,"https://pbs.twimg.com/profile_images/1683438688284418048/7UNE_YUt_x96.jpg, https://pbs.twimg.com/card_img/1717540301844189184/5lpdlbqB?format=jpg&name=medium"
ThisGuyKyHasAI,@NoVaxAllFacts,2023-10-26T12:58:27.000Z,"ThisGuyKyHasAI
@NoVaxAllFacts
·
6h“Don’t worry, don’t be afraid, ever, because this is just a ride” - Bill Hicks #AIart #AIArtwork #midjourneyartwork #midjourneyart #MidjourneyAI #Thursday #ThursdayMotivation #thursdaymorning #ThursdayFeeling",0,0,3,78,3.85,"https://pbs.twimg.com/profile_images/1572038463343702016/xtdsLxQ3_x96.jpg, https://pbs.twimg.com/media/F9Xg4s7W4AAJHi5?format=jpg&name=medium"
WingJun,@_WingJun_,2023-10-26T12:49:47.000Z,"WingJun
@_WingJun_
·
6hStarting a new Ai Art Series:

“Oddmnt” • 
@beysportpassel
 

000A-B: “Resurgence of Collectivism”

#MidjourneyAI #midjourneyart  #midjourneyartwork #Oddmnt #beysportpassel #AIart #muslimart #muslim #blackisbeautiful",1,0,15,266,5.64,"https://pbs.twimg.com/profile_images/1715947808409202688/5Getn3hQ_x96.png, https://pbs.twimg.com/media/F9Xe52kX0AA4qOM?format=jpg&name=small, https://pbs.twimg.com/media/F9Xe52jXoAA3MeI?format=jpg&name=small, https://abs-0.twimg.com/emoji/v2/svg/1f3a8.svg, https://abs-0.twimg.com/emoji/v2/svg/26f5.svg"
Forestyanyan,@Forestyanyan,2023-10-26T12:42:08.000Z,"Forestyanyan
@Forestyanyan
·
6h#MDZS #魔道祖师 #魔道祖師 #忘羡 #WangXian #midjourneyart #nijijourney #AIArtCommuity",0,0,4,84,4.76,"https://pbs.twimg.com/profile_images/1696021650083602432/nXqMdmEh_x96.jpg, https://pbs.twimg.com/media/F9XdG8KaAAAoiO5?format=jpg&name=medium"
aiWerx,@aiWerx,2023-10-26T12:34:37.000Z,"aiWerx
@aiWerx
·
6h#PromptChallenge -  Songs Titles 

Prompt - Cruel Summer by Taylor Swift 

Have Fun, Post Your Best, & Tag Your Friends!  

#aiartcommunity #thursdayvibes #goodmorning #Promptshare #midjourneyart #AIArtwork #ai #art #prompt #ThursdayMotivation #Promptshare",8,4,35,900,4.33,"https://pbs.twimg.com/profile_images/1699839886436487169/JkVsCfU__x96.jpg, https://abs-0.twimg.com/emoji/v2/svg/1f3b5.svg, https://abs-0.twimg.com/emoji/v2/svg/1f3b9.svg, https://abs-0.twimg.com/emoji/v2/svg/1f3b6.svg, https://abs-0.twimg.com/emoji/v2/svg/1f3b8.svg, https://abs-0.twimg.com/emoji/v2/svg/1f399.svg, https://abs-0.twimg.com/emoji/v2/svg/1f3bc.svg, https://abs-0.twimg.com/emoji/v2/svg/1f941.svg, https://abs-0.twimg.com/emoji/v2/svg/1f389.svg, https://abs-0.twimg.com/emoji/v2/svg/1f973.svg, https://pbs.twimg.com/media/F9XactDWgAAPHO9?format=jpg&name=medium"
織田信長,@oda_nobunaga175,2023-10-26T12:33:40.000Z,"織田信長
@oda_nobunaga175
·
6h#midjourney #AIArt #midjourneyArt #nijijourneyV5 #AI乙女部",0,2,12,104,13.46,"https://pbs.twimg.com/profile_images/898499095358185472/LSMeKfes_x96.jpg, https://pbs.twimg.com/media/F9XbKL3a0AARrG7?format=jpg&name=large"
Scott Gray,@fredcat1,2023-10-26T12:16:58.000Z,"Scott Gray
@fredcat1
·
6hReplying to 
@Intristed_ai",0,0,3,23,13.04,"https://pbs.twimg.com/profile_images/1590324559/Scottsy_x96.jpeg, https://pbs.twimg.com/media/F9XXY_wWAAA9555?format=jpg&name=medium"
@babbage86,@babbage86,2023-10-26T12:05:56.000Z,"@babbage86
@babbage86
·
7h#AIArtCommuity #AIArtwork #MidjourneyAI #midjourneyart",0,0,9,53,16.98,"https://pbs.twimg.com/profile_images/1706758861053460480/2TBXMZ-C_x96.jpg, https://pbs.twimg.com/media/F9XU3FaXMAAWPOq?format=jpg&name=medium"
K-art29,@k_art29,2023-10-26T12:05:00.000Z,"K-art29
@k_art29
·
7hGM enjoy your day, We are what we feel  #AIart #AIArtistCommunity #ArtificialIntelligence #MidjourneyAI #midjourneyart #midjourneygallery #Thursday #thursdaymorning #CoffeeTime",3,0,15,107,14.02,"https://pbs.twimg.com/profile_images/1700721205022429184/MQ6YrFJ-_x96.jpg, https://abs-0.twimg.com/emoji/v2/svg/1f4ab.svg, https://pbs.twimg.com/media/F9XUpsLXEAA6Wog?format=jpg&name=medium"
picturia,@picturAI,2023-10-26T12:00:01.000Z,"picturia
@picturAI
·
7hA pack of slimy, nasty, dirty and scary Wendigos.

Wendigos are dark creatures from legends and myths, torn from the darkest corners of human nightmares. 

Generated by us. Part 1

#wendigo #AIart #fantasyart #midjourneyart #midjourneyartwork",0,0,1,8,12.50,"https://pbs.twimg.com/profile_images/1695439366171021312/Ab2MrVM8_x96.jpg, https://pbs.twimg.com/media/F9R-lp2WkAAB9aP?format=jpg&name=900x900, https://pbs.twimg.com/media/F9R-lqLXQAA7Ghh?format=jpg&name=900x900, https://pbs.twimg.com/media/F9R-lqiWgAEK00D?format=jpg&name=900x900, https://pbs.twimg.com/media/F9R-lq3WAAAVhgu?format=jpg&name=900x900"
織田信長,@oda_nobunaga175,2023-10-26T11:59:51.000Z,"織田信長
@oda_nobunaga175
·
7h#midjourney #AIArt #midjourneyArt #nijijourneyV5 #AI乙女部",0,4,15,160,11.88,"https://pbs.twimg.com/profile_images/898499095358185472/LSMeKfes_x96.jpg, https://pbs.twimg.com/media/F9XTblZaIAADgZp?format=jpg&name=medium"
織田信長,@oda_nobunaga175,2023-10-26T11:58:50.000Z,"織田信長
@oda_nobunaga175
·
7h#midjourney #AIArt #midjourneyArt #nijijourneyV5 #AI乙女部",0,4,17,159,13.21,"https://pbs.twimg.com/profile_images/898499095358185472/LSMeKfes_x96.jpg, https://pbs.twimg.com/media/F9XTMLLbIAAy_9n?format=jpg&name=medium"
@babbage86,@babbage86,2023-10-26T11:25:27.000Z,"@babbage86
@babbage86
·
7hGM!

Left Brain vs Right Brain
#AIArtwork #AIArtistCommunity #AIart #MidjourneyAI #midjourneyart",4,2,25,204,13.24,"https://pbs.twimg.com/profile_images/1706758861053460480/2TBXMZ-C_x96.jpg, https://pbs.twimg.com/media/F9XLmb3W8AEhi0E?format=jpg&name=medium"
NFT-man,@NFTman001,2023-10-26T11:23:35.000Z,"NFT-man
@NFTman001
·
7hAI fashion design
“Sound of gears""

#BrandedFeatures                          #midjourney #MidjourneyAI #midjourneyart #NFTs #AIart #DigitalArtCollectors #CryptoCollectibles #ArtificialIntelligence #DigitalArtists #BlockchainArtists #NFTmarketplace #CreativeAI…
Show more",1,3,25,182,15.38,"https://pbs.twimg.com/profile_images/1696928098506481664/eTrxpMZV_x96.jpg, https://abs.twimg.com/hashflags/BF-8778_BrandedFeatures_AlwaysOn/BF-8778_BrandedFeatures_AlwaysOn.png, https://pbs.twimg.com/media/F9XLLDhaoAAc6wx?format=jpg&name=medium"
NFT-man,@NFTman001,2023-10-26T11:23:21.000Z,"NFT-man
@NFTman001
·
7hAI fashion design
“Sound of gears""

#BrandedFeatures                          #midjourney #MidjourneyAI #midjourneyart #NFTs #AIart #DigitalArtCollectors #CryptoCollectibles #ArtificialIntelligence #DigitalArtists #BlockchainArtists #NFTmarketplace #CreativeAI…
Show more",0,1,16,74,22.97,"https://pbs.twimg.com/profile_images/1696928098506481664/eTrxpMZV_x96.jpg, https://abs.twimg.com/hashflags/BF-8778_BrandedFeatures_AlwaysOn/BF-8778_BrandedFeatures_AlwaysOn.png, https://pbs.twimg.com/media/F9XLHlua4AAoS2o?format=jpg&name=medium"
NFT-man,@NFTman001,2023-10-26T11:22:39.000Z,"NFT-man
@NFTman001
·
7hAI fashion design
“Sound of gears""

#BrandedFeatures                          #midjourney #MidjourneyAI #midjourneyart #NFTs #AIart #DigitalArtCollectors #CryptoCollectibles #ArtificialIntelligence #DigitalArtists #BlockchainArtists #NFTmarketplace #CreativeAI…
Show more",0,0,19,98,19.39,"https://pbs.twimg.com/profile_images/1696928098506481664/eTrxpMZV_x96.jpg, https://abs.twimg.com/hashflags/BF-8778_BrandedFeatures_AlwaysOn/BF-8778_BrandedFeatures_AlwaysOn.png, https://pbs.twimg.com/media/F9XK9TaaIAAEoK4?format=jpg&name=medium"
5trawb3rry ri65,@5trawb3rryribs,2023-10-26T11:00:00.000Z,"5trawb3rry ri65
@5trawb3rryribs
·
8h#dbh #detroitbecomehuman #hankanderson #dbhhank #AIart #AIArtwork #AIArtworks #aifanart #midjourneyart #midjourney",0,0,0,22,0.00,"https://pbs.twimg.com/profile_images/1688364782775365633/OQgORtl9_x96.jpg, https://pbs.twimg.com/media/F7aLe4RaMAA2dB1?format=jpg&name=medium"
